{"metadata":{"asset_id":"9fa1cf68-36cb-4d41-9507-62c66c4a3db2","asset_attributes":["notebook"],"name":"Coursera_Capstone","asset_type":"notebook","created_at":"2021-05-03T17:47:32Z","description":"","origin_country":"us","owner_id":"IBMid-665000FC7N","project_id":"cc87218e-43d0-4776-aab5-e7bffa70f1a9","size":207,"tags":["notebook"],"usage":{"last_update_time":1620065542792,"last_updated_at":"2021-05-03T18:12:22Z"}},"entity":{"notebook":{"kernel":{"name":"python3","display_name":"Python 3.7","language":"python"},"originates_from":{"type":"blank"},"runtime":{"environment":"conda2py37-cc87218e-43d0-4776-aab5-e7bffa70f1a9"}}},"attachments":[{"id":"4302857e-aa87-4b20-9f3f-a2469652964c","version":2,"asset_type":"notebook","name":"attachment for notebook 9fa1cf68-36cb-4d41-9507-62c66c4a3db2","description":"attachment for notebook 9fa1cf68-36cb-4d41-9507-62c66c4a3db2","mime":"application/json","datasource_type":"193a97c1-4475-4a19-b90c-295c4fdc6517","object_key":"notebook/Coursera_Capstone_WC-SbfM8n.ipynb","creator_id":"IBMid-665000FC7N","create_time":1620064054346,"size":207,"is_remote":false,"is_managed":false,"is_referenced":true,"is_object_key_read_only":false,"is_user_provided_path_key":true,"transfer_complete":true,"is_partitioned":false,"complete_time_ticks":1620064054346,"user_data":{},"test_doc":0,"handle":{"bucket":"courseracapston-donotdelete-pr-lbd8dxkhvmkuea","location":"us-geo","key":"notebook/Coursera_Capstone_WC-SbfM8n.ipynb","upload_id":"done","max_part_num":1},"usage":{"access_count":0,"last_accessor_id":"IBMid-665000FC7N","last_access_time":1620064054346}}]}
